
INSERT INTO customers (
    customer_number,
    customer_name,
    company_name,
    phone_number,
    address,
    current_balance,
    is_active
)
VALUES
(1, 'Aeriela Swannick', 'Wikibox', '295-969-8738', '70564 Sunnyside Avenue', 19198.34, false),
(2, 'Ephrem Forten', 'Janyx', '425-555-7724', '69083 Linden Way', 82123.78, false),
(3, 'Cesar Fautly', 'Avavee', '833-935-7321', '731 Summer Ridge Drive', 2896.23, false),
(4, 'Netti Baynom', 'Kamba', '782-881-0292', '0063 Onsgard Road', 36950.22, false),
(5, 'Terencio Carabet', 'Innotype', '685-112-6552', '7 Prairie Rose Pass', 94799.30, false),
(6, 'Kandace Cayford', 'Photojam', '809-691-3068', '3 Sage Hill', 26003.61, false),
(7, 'Neville Caville', 'Voolia', '577-972-8793', '91165 Aberg Street', 0, false),
(8, 'Tiebout Duerden', 'Jabbercube', '970-231-5709', '9 Pond Plaza', 7975.50, true),
(9, 'Terrance Laugheran', 'Riffwire', '568-353-0838', '50 Farmco Plaza', 11588.64, true),
(10, 'Alden Elliker', 'Zooveo', '215-817-9682', '067 Holy Cross Lane', 98.40, true),
(11, 'Goldina Burgh', 'Chatterpoint', '347-823-2287', '311 Reinke Way', 22550.93, false),
(12, 'Roxi Cubbon', 'Chatterpoint', '842-223-8673', '5474 Marcy Park', 54585.70, true),
(13, 'Marijn Clericoates', 'Skilith', '155-415-1076', '70220 Luster Parkway', 26382.41, true),
(14, 'Harmony Mohring', 'Browsedrive', '207-894-9576', '16 Pine View Hill', 74010.89, false),
(15, 'Ermanno De Freitas', 'Thoughtblab', '369-619-6272', '0392 Fisk Road', 0, true),
(16, 'Benita Izzett', 'Buzzshare', '753-230-8466', '32 Northview Avenue', 5926.38, false),
(17, 'Celie Maliffe', 'Gigabox', '393-945-2193', '87 Hauk Trail', 62083.17, true),
(18, 'Ebenezer Dahler', 'Twitternation', '129-328-7616', '3602 Morningstar Drive', 35830.67, true),
(19, 'Gilberto Halleybone', 'Divanoodle', '471-453-2551', '6 Karstens Circle', 85813.39, false),
(20, 'Cy Fildes', 'Dynazzy', '939-339-9954', '33 Loeprich Point', 927.42, false),
(21, 'Peggi Gawke', 'Gabspot', '563-910-6617', '2 Prairieview Hill', 0, true),
(22, 'Alisha Aleksashin', 'Blogtags', '915-245-6883', '4 Sutherland Place', 13402.69, false),
(23, 'Antin Quenby', 'Tambee', '339-109-0719', '4 7th Court', 0, true),
(24, 'Dmitri Crome', 'Gabvine', '167-537-6659', '5146 Park Meadow Parkway', 38156.06, true),
(25, 'Massimo Pidduck', 'Wikido', '356-873-6018', '20 Cambridge Alley', 20494.25, false),
(26, 'Codie Prendeguest', 'Brightbean', '700-698-5937', '12987 Hansons Circle', 58453.98, true),
(27, 'Ryon Ridings', 'Buzzshare', '567-970-7875', '353 Pennsylvania Plaza', 19868.63, false),
(28, 'Ned Wanless', 'Dynabox', '330-380-8811', '8 Amoth Lane', 24046.24, true),
(29, 'Kendall Stille', 'Yata', '351-384-8718', '5 Northridge Junction', 91400.55, true),
(30, 'Edeline Livingston', 'Pixope', '380-512-5617', '0516 Daystar Hill', 7216.74, false),
(31, 'Reeva Melin', 'Photobean', '546-267-9916', '926 Memorial Alley', 36835.68, true),
(32, 'Kirsten Sirey', 'Wordware', '644-418-4887', '945 Mayfield Park', 39995.35, true),
(33, 'Kristo Halbert', 'Topdrive', '893-301-4519', '750 Fremont Place', 17459.75, false),
(34, 'Elladine Franzoli', 'Realbuzz', '483-155-3536', '579 Main Court', 48002.39, false),
(35, 'Blanch Drinnan', 'Skinder', '760-716-3768', '3 Farragut Hill', 15902.63, false),
(36, 'Cindra Thyng', 'Edgeclub', '656-409-8103', '864 Shelley Street', 88606.46, false),
(37, 'Gerianna Bussens', 'Oba', '296-295-6025', '3179 Hermina Junction', 55517.64, false),
(38, 'Jessamyn Bail', 'Rhyloo', '395-385-8882', '1 Mitchell Alley', 54102.82, false),
(39, 'Jorey Eisikovitsh', 'Fatz', '294-662-9445', '0337 Evergreen Drive', 52161.70, false),
(40, 'Domenico D''Amore', 'Youspan', '203-935-7674', '9 Mandaluyong Street', 0, true);

INSERT INTO employees (
    employee_number,
    employee_name,
    position,
    ssn,
    employee_address,
    username,
    password_hash,
    is_locked,
    is_active,
    hourly_wage,
    ytdsales,
    commission_rate
)
VALUES
(1, 'Maria Santos', 'Manager', '101-11-1001', '123 Katipunan Ave, Quezon City', 'msantos', '$2b$12$managerhash001', FALSE, TRUE, NULL, 0.00, 0.05),
(2, 'Jonathan Reyes', 'Manager', '101-11-1002', '45 Commonwealth Ave, Quezon City', 'jreyes', '$2b$12$managerhash002', FALSE, TRUE, NULL, 0.00, 0.05),
(3, 'Angela Cruz', 'Manager', '101-11-1003', '88 Aurora Blvd, Quezon City', 'acruz', '$2b$12$managerhash003', FALSE, TRUE, NULL, 0.00, 0.05),
(4, 'Kevin Lim', 'Sales Rep', '202-22-2001', '14 Eastwood Ave, Quezon City', 'klim', '$2b$12$saleshash001', FALSE, TRUE, NULL, 125000.50, 0.05),
(5, 'Sophia Tan', 'Sales Rep', '202-22-2002', '32 Timog Ave, Quezon City', 'stan', '$2b$12$saleshash002', FALSE, TRUE, NULL, 98250.75, 0.05),
(6, 'Miguel Garcia', 'Sales Rep', '202-22-2003', '77 Tomas Morato Ave, Quezon City', 'mgarcia', '$2b$12$saleshash003', FALSE, TRUE, NULL, 156430.20, 0.05),
(7, 'Patricia Lopez', 'Sales Rep', '202-22-2004', '56 Visayas Ave, Quezon City', 'plopez', '$2b$12$saleshash004', FALSE, TRUE, NULL, 45600.00, 0.05),
(8, 'Daniel Flores', 'Sales Rep', '202-22-2005', '21 Maginhawa St, Quezon City', 'dflores', '$2b$12$saleshash005', FALSE, TRUE, NULL, 205300.15, 0.05),
(9, 'Camille Ramos', 'Sales Rep', '202-22-2006', '90 Congressional Ave, Quezon City', 'cramos', '$2b$12$saleshash006', FALSE, TRUE, NULL, 78320.90, 0.05),
(10, 'Joshua Mendoza', 'Sales Rep', '202-22-2007', '10 Banawe St, Quezon City', 'jmendoza', '$2b$12$saleshash007', FALSE, TRUE, NULL, 132000.00, 0.05),
(11, 'Ella Bautista', 'Sales Rep', '202-22-2008', '5 Scout Area, Quezon City', 'ebautista', '$2b$12$saleshash008', FALSE, TRUE, NULL, 68900.40, 0.05),
(12, 'Nathan Velasco', 'Sales Rep', '202-22-2009', '101 Fairview Ave, Quezon City', 'nvelasco', '$2b$12$saleshash009', FALSE, TRUE, NULL, 91000.00, 0.05),
(13, 'Isabelle Navarro', 'Sales Rep', '202-22-2010', '67 Mindanao Ave, Quezon City', 'inavarro', '$2b$12$saleshash010', FALSE, TRUE, NULL, 149500.99, 0.05),
(14, 'Adrian Perez', 'Sales Rep', '202-22-2011', '44 Roosevelt Ave, Quezon City', 'aperez', '$2b$12$saleshash011', FALSE, TRUE, NULL, 34000.00, 0.05),
(15, 'Claire Dizon', 'Sales Rep', '202-22-2012', '11 Kamias Rd, Quezon City', 'cdizon', '$2b$12$saleshash012', FALSE, TRUE, NULL, 175250.60, 0.05),
(16, 'Mark Aquino', 'Hourly', '303-33-3001', '12 Cubao, Quezon City', 'maquino', '$2b$12$hourlyhash001', FALSE, TRUE, 120.00, 0.00, 0.05),
(17, 'Liza Moreno', 'Hourly', '303-33-3002', '9 Project 6, Quezon City', 'lmoreno', '$2b$12$hourlyhash002', FALSE, TRUE, 115.50, 0.00, 0.05),
(18, 'Carlo Vega', 'Hourly', '303-33-3003', '88 Novaliches, Quezon City', 'cvega', '$2b$12$hourlyhash003', FALSE, TRUE, 130.25, 0.00, 0.05),
(19, 'Janine Torres', 'Hourly', '303-33-3004', '22 Tandang Sora, Quezon City', 'jtorres', '$2b$12$hourlyhash004', FALSE, TRUE, 125.00, 0.00, 0.05),
(20, 'Paolo Diaz', 'Hourly', '303-33-3005', '14 Philcoa, Quezon City', 'pdiaz', '$2b$12$hourlyhash005', FALSE, TRUE, 118.75, 0.00, 0.05),
(21, 'Rina Chavez', 'Hourly', '303-33-3006', '51 Diliman, Quezon City', 'rchavez', '$2b$12$hourlyhash006', FALSE, TRUE, 122.50, 0.00, 0.05),
(22, 'Noel Herrera', 'Hourly', '303-33-3007', '19 Batasan Hills, Quezon City', 'nherrera', '$2b$12$hourlyhash007', FALSE, TRUE, 117.00, 0.00, 0.05),
(23, 'Faith Villanueva', 'Hourly', '303-33-3008', '73 UP Village, Quezon City', 'fvillanueva', '$2b$12$hourlyhash008', FALSE, TRUE, 128.00, 0.00, 0.05),
(24, 'Sean Castillo', 'Hourly', '303-33-3009', '35 Teacher''s Village, Quezon City', 'scastillo', '$2b$12$hourlyhash009', FALSE, TRUE, 116.00, 0.00, 0.05),
(25, 'Karla Rivera', 'Hourly', '303-33-3010', '29 Holy Spirit, Quezon City', 'krivera', '$2b$12$hourlyhash010', FALSE, TRUE, 135.00, 0.00, 0.05),
(26, 'Marco Del Rosario', 'Sales Rep', '202-22-2013', '18 Green Meadows, Quezon City', 'mdelrosario', '$2b$12$saleshash013', FALSE, TRUE, NULL, 112450.80, 0.05),
(27, 'Bianca Sy', 'Sales Rep', '202-22-2014', '42 White Plains, Quezon City', 'bsy', '$2b$12$saleshash014', FALSE, TRUE, NULL, 87400.25, 0.05),
(28, 'Rafael Gutierrez', 'Sales Rep', '202-22-2015', '77 San Juan, Metro Manila', 'rgutierrez', '$2b$12$saleshash015', FALSE, TRUE, NULL, 221340.10, 0.05),
(29, 'Dianne Flores', 'Hourly', '303-33-3011', '15 Project 8, Quezon City', 'dflores2', '$2b$12$hourlyhash011', FALSE, TRUE, 121.50, 0.00, 0.05),
(30, 'Kenneth Ong', 'Hourly', '303-33-3012', '91 Don Antonio, Quezon City', 'kong', '$2b$12$hourlyhash012', FALSE, TRUE, 124.00, 0.00, 0.05),
(31, 'Melissa Chua', 'Hourly', '303-33-3013', '63 Fairview, Quezon City', 'mchua', '$2b$12$hourlyhash013', FALSE, TRUE, 119.75, 0.00, 0.05),
(32, 'Jerome Valdez', 'Hourly', '303-33-3014', '44 Marikina Heights, Marikina', 'jvaldez', '$2b$12$hourlyhash014', FALSE, TRUE, 126.25, 0.00, 0.05),
(33, 'Patty Evangelista', 'Hourly', '303-33-3015', '28 Culiat, Quezon City', 'pevangelista', '$2b$12$hourlyhash015', FALSE, TRUE, 117.50, 0.00, 0.05),
(34, 'Ronald Yu', 'Hourly', '303-33-3016', '55 Katipunan Ext, Quezon City', 'ryu', '$2b$12$hourlyhash016', FALSE, TRUE, 133.00, 0.00, 0.05),
(35, 'Alyssa Navarro', 'Hourly', '303-33-3017', '72 Pasig Boulevard, Pasig', 'anavarro', '$2b$12$hourlyhash017', FALSE, TRUE, 122.00, 0.00, 0.05);

INSERT INTO suppliers (
    supplier_id,
    company_name,
    phone_number,
    address
)
VALUES
(1, 'Metro Office Furnishings', '+63-2-8123-1001', '101 Aurora Blvd, Quezon City'),
(2, 'Prime Workspace Solutions', '+63-2-8123-1002', '45 Ortigas Ave, Pasig City'),
(3, 'Elite Ergonomic Furniture', '+63-2-8123-1003', '22 Chino Roces Ave, Makati City'),
(4, 'National Stationery Depot', '+63-2-8123-1004', '77 España Blvd, Manila'),
(5, 'PaperTrail Office Supplies', '+63-2-8123-1005', '15 Commonwealth Ave, Quezon City'),
(6, 'BlueInk Trading', '+63-2-8123-1006', '90 Taft Ave, Manila'),
(7, 'SmartTech Distribution', '+63-2-8123-1007', '11 Gilmore Ave, Quezon City'),
(8, 'NextGen IT Suppliers', '+63-2-8123-1008', '55 Boni Ave, Mandaluyong City'),
(9, 'Quantum Computer Systems', '+63-2-8123-1009', '88 EDSA, Cubao, Quezon City'),
(10, 'OfficePro Interiors', '+63-2-8123-1010', '32 Katipunan Ave, Quezon City'),

(11, 'Vertex Office Essentials', '+63-2-8123-1011', '17 Shaw Blvd, Pasig City'),
(12, 'Golden Pen Enterprises', '+63-2-8123-1012', '63 Recto Ave, Manila'),
(13, 'TechHub Electronics Supply', '+63-2-8123-1013', '91 Pioneer St, Mandaluyong City'),
(14, 'ComfortLine Furnitures', '+63-2-8123-1014', '44 Marcos Highway, Marikina City'),
(15, 'OfficeNest Trading', '+63-2-8123-1015', '70 Visayas Ave, Quezon City'),
(16, 'Precision Print Supplies', '+63-2-8123-1016', '12 Morayta St, Manila'),
(17, 'CyberCore Technologies', '+63-2-8123-1017', '101 Alabang-Zapote Rd, Muntinlupa City'),
(18, 'DeskWorks Furniture Co.', '+63-2-8123-1018', '25 A. Bonifacio Ave, Quezon City'),
(19, 'StaplePoint Distribution', '+63-2-8123-1019', '84 Rizal Ave, Caloocan City'),
(20, 'Digital Frontier Devices', '+63-2-8123-1020', '39 Libis, Quezon City'),

(21, 'Summit Office Warehouse', '+63-2-8123-1021', '18 C5 Road, Taguig City'),
(22, 'InkMasters Supply Corp.', '+63-2-8123-1022', '59 Pedro Gil St, Manila'),
(23, 'FutureLink Technologies', '+63-2-8123-1023', '14 Ayala Ave, Makati City'),
(24, 'UrbanSpace Furnishings', '+63-2-8123-1024', '92 Ortigas Extension, Pasig City'),
(25, 'WriteChoice Stationers', '+63-2-8123-1025', '36 Magsaysay Blvd, Manila'),
(26, 'NovaTech Office Systems', '+63-2-8123-1026', '27 Eastwood City, Quezon City'),
(27, 'Axis Business Supplies', '+63-2-8123-1027', '75 Timog Ave, Quezon City'),
(28, 'Pinnacle Office Solutions', '+63-2-8123-1028', '66 McArthur Highway, Valenzuela City'),
(29, 'CloudPeak Electronics', '+63-2-8123-1029', '48 Madrigal Ave, Las Piñas City'),
(30, 'Infinity Workspace Trading', '+63-2-8123-1030', '120 Greenhills Shopping Center, San Juan City');

INSERT INTO parts (
    part_number,
    description,
    selling_price,
    stock_count,
    trigger_amount,
    restock_value,
    on_order
)
VALUES
(1, 'Ballpoint Pen - Blue', 15.00, 450, 100, 500, FALSE),
(2, 'Ballpoint Pen - Black', 15.00, 420, 100, 500, FALSE),
(3, 'Gel Pen Set (5 pcs)', 45.00, 180, 50, 200, FALSE),
(4, 'Permanent Marker - Black', 35.00, 120, 40, 150, FALSE),
(5, 'Highlighter Set (4 colors)', 85.00, 90, 25, 100, FALSE),
(6, 'Bond Paper A4 70gsm', 250.00, 300, 75, 400, FALSE),
(7, 'Bond Paper Legal 70gsm', 275.00, 220, 50, 300, FALSE),
(8, 'Photo Paper Glossy A4', 450.00, 80, 20, 100, FALSE),
(9, 'Sticky Notes Pack', 65.00, 160, 40, 200, FALSE),
(10, 'Index Cards Pack', 55.00, 140, 35, 150, FALSE),
(11, 'Stapler Heavy Duty', 320.00, 65, 15, 50, FALSE),
(12, 'Staple Wire Box', 45.00, 250, 60, 300, FALSE),
(13, 'Tape Dispenser', 120.00, 70, 20, 80, FALSE),
(14, 'Scissors Stainless Steel', 150.00, 85, 25, 100, FALSE),
(15, 'Paper Clips Box', 35.00, 200, 50, 250, FALSE),
(16, 'Expanding Folder', 180.00, 95, 20, 120, FALSE),
(17, 'Ring Binder 1-inch', 110.00, 100, 25, 150, FALSE),
(18, 'Document Envelope Brown', 25.00, 500, 100, 600, FALSE),
(19, 'Plastic Storage Box', 350.00, 40, 10, 50, FALSE),
(20, 'Desk Organizer Tray', 280.00, 55, 15, 70, FALSE),
(21, 'USB Flash Drive 32GB', 450.00, 130, 30, 150, FALSE),
(22, 'Wireless Mouse', 650.00, 75, 20, 100, FALSE),
(23, 'Wireless Keyboard', 1200.00, 45, 10, 60, FALSE),
(24, 'HD Webcam 1080p', 1850.00, 35, 10, 40, FALSE),
(25, 'Noise Cancelling Headset', 3200.00, 25, 5, 30, FALSE),
(26, 'WiFi Router Dual Band', 2800.00, 30, 8, 40, FALSE),
(27, '8-Port Network Switch', 2200.00, 22, 5, 25, FALSE),
(28, 'Ethernet Cable 5m', 180.00, 140, 30, 200, FALSE),
(29, 'Surge Protector', 750.00, 60, 15, 80, FALSE),
(30, 'External Hard Drive 1TB', 4200.00, 18, 5, 20, TRUE),
(31, 'Inkjet Printer Basic', 5500.00, 14, 3, 10, TRUE),
(32, 'Laser Printer Monochrome', 12500.00, 10, 2, 8, TRUE),
(33, 'All-in-One Printer Scanner', 15800.00, 8, 2, 6, TRUE),
(34, 'Color Laser Printer', 24500.00, 5, 1, 4, TRUE),
(35, 'Commercial Copier Machine', 85000.00, 2, 1, 2, TRUE),
(36, 'Ergonomic Office Chair', 6800.00, 20, 5, 15, FALSE),
(37, 'Executive Office Desk', 14500.00, 8, 2, 6, FALSE),
(38, 'Filing Cabinet 4-Drawer', 9200.00, 12, 3, 8, FALSE),
(39, 'Conference Table Large', 25500.00, 3, 1, 2, TRUE),
(40, 'Bookshelf Wooden', 4800.00, 15, 4, 10, FALSE),
(41, 'Alcohol Spray 500ml', 120.00, 180, 40, 200, FALSE),
(42, 'Disinfecting Wipes Pack', 150.00, 140, 35, 150, FALSE),
(43, 'Trash Bags Large Pack', 220.00, 110, 25, 120, FALSE),
(44, 'Hand Soap Refill 1L', 180.00, 90, 20, 100, FALSE),
(45, 'Air Freshener Automatic', 350.00, 40, 10, 50, FALSE);

INSERT INTO item_parts (
    part_number,
    supplier_id,
    cost
)
VALUES
-- Parts 1-15
(1, 4, 8.50),
(1, 12, 8.10),
(1, 25, 8.75),
(2, 4, 8.40),
(2, 19, 8.20),
(2, 27, 8.55),
(3, 4, 22.00),
(3, 12, 21.50),
(3, 22, 22.75),
(4, 5, 18.00),
(4, 12, 17.80),
(4, 25, 18.50),
(5, 4, 55.00),
(5, 19, 53.50),
(5, 27, 56.25),
(6, 5, 185.00),
(6, 15, 180.00),
(6, 21, 188.00),
(7, 5, 210.00),
(7, 15, 205.00),
(7, 28, 212.00),
(8, 16, 320.00),
(8, 22, 315.00),
(8, 25, 325.00),
(9, 5, 28.00),
(9, 12, 27.50),
(9, 19, 29.00),
(10, 12, 24.00),
(10, 22, 23.50),
(10, 25, 24.75),
(11, 11, 190.00),
(11, 18, 185.00),
(11, 28, 195.00),
(12, 5, 20.00),
(12, 12, 19.50),
(12, 27, 20.75),
(13, 11, 75.00),
(13, 19, 72.00),
(13, 28, 76.50),
(14, 11, 95.00),
(14, 18, 92.50),
(14, 24, 97.00),
(15, 5, 12.00),
(15, 12, 11.75),
(15, 19, 12.50),
(16, 1, 120.00),
(16, 14, 115.00),
(16, 24, 122.00),
(17, 1, 72.00),
(17, 10, 70.00),
(17, 21, 74.00),
(18, 4, 9.00),
(18, 25, 8.75),
(18, 27, 9.25),
(19, 2, 220.00),
(19, 14, 215.00),
(19, 24, 225.00),
(20, 1, 175.00),
(20, 11, 170.00),
(20, 21, 178.00),
(21, 7, 290.00),
(21, 13, 285.00),
(21, 20, 295.00),
(22, 7, 420.00),
(22, 17, 410.00),
(22, 26, 425.00),
(23, 8, 850.00),
(23, 17, 835.00),
(23, 26, 860.00),
(24, 7, 1350.00),
(24, 20, 1325.00),
(24, 29, 1380.00),
(25, 8, 2400.00),
(25, 17, 2350.00),
(25, 29, 2450.00),
(26, 7, 1950.00),
(26, 13, 1925.00),
(26, 20, 1980.00),
(27, 8, 1550.00),
(27, 17, 1520.00),
(27, 23, 1580.00),
(28, 7, 95.00),
(28, 13, 92.00),
(28, 26, 97.00),
(29, 8, 520.00),
(29, 17, 510.00),
(29, 20, 530.00),
(30, 13, 3200.00),
(30, 20, 3150.00),
(30, 29, 3250.00),
(31, 13, 4200.00),
(31, 17, 4100.00),
(31, 23, 4250.00),
(32, 8, 9800.00),
(32, 20, 9700.00),
(32, 26, 9900.00),
(33, 13, 12400.00),
(33, 17, 12150.00),
(33, 29, 12600.00),
(34, 17, 18800.00),
(34, 23, 18500.00),
(34, 29, 19050.00),
(35, 13, 64000.00),
(35, 20, 63500.00),
(35, 26, 64800.00),
(36, 1, 4200.00),
(36, 3, 4150.00),
(36, 14, 4300.00),
(37, 2, 9200.00),
(37, 10, 9100.00),
(37, 24, 9350.00),
(38, 1, 6200.00),
(38, 18, 6100.00),
(38, 28, 6250.00),
(39, 2, 18000.00),
(39, 14, 17850.00),
(39, 24, 18200.00),
(40, 1, 3100.00),
(40, 3, 3050.00),
(40, 21, 3150.00),
(41, 5, 75.00),
(41, 15, 72.00),
(41, 22, 78.00),
(42, 5, 90.00),
(42, 16, 88.00),
(42, 27, 92.00),
(43, 15, 130.00),
(43, 21, 128.00),
(43, 27, 132.00),
(44, 5, 95.00),
(44, 16, 92.00),
(44, 22, 96.00),
(45, 11, 210.00),
(45, 18, 205.00),
(45, 24, 215.00),
(1, 19, 8.30),
(2, 25, 8.35),
(3, 27, 21.90),
(4, 19, 17.95),
(5, 22, 54.00),
(6, 27, 182.00),
(7, 21, 207.00),
(8, 4, 318.00),
(9, 22, 27.80),
(10, 4, 23.80),
(11, 24, 188.00),
(12, 19, 19.75),
(13, 21, 73.00),
(14, 10, 93.00),
(15, 22, 11.90),
(16, 3, 118.00),
(17, 24, 71.00),
(18, 12, 8.90),
(19, 2, 218.00),
(20, 18, 172.00),
(21, 26, 288.00),
(22, 13, 415.00),
(23, 20, 842.00),
(24, 17, 1330.00),
(25, 26, 2380.00),
(26, 29, 1935.00),
(27, 20, 1535.00),
(28, 17, 93.50),
(29, 23, 515.00),
(30, 17, 3180.00);

INSERT INTO invoice (
    invoice_id,
    employee_number,
    customer_id,
    total_amount,
    date_written,
    status
)
VALUES -- 5 out of 35 employees has more than 10 invoices; Including week of Aug 9.
(1,1,31,5681.8,8/7/2006,Paid),
(2,1,18,9271.67,8/8/2006,Shipped),
(3,1,12,8355.06,8/8/2006,Unshipped),
(4,1,12,2053.37,8/11/2006,Unshipped),
(5,1,16,3221.49,8/7/2006,Paid),
(6,1,27,1225.68,8/9/2006,Shipped),
(7,1,21,538.48,8/9/2006,Unshipped),
(8,1,27,10312.94,8/11/2006,Paid),
(9,1,35,2461.53,8/8/2006,Shipped),
(10,1,8,6095.34,8/11/2006,Paid),
(11,1,9,2736.89,8/8/2006,Paid),
(12,1,37,9992.48,8/7/2006,Unshipped),
(13,2,31,3925.6,8/10/2006,Shipped),
(14,2,37,4885.84,8/11/2006,Unshipped),
(15,2,31,5754.06,8/7/2006,Unshipped),
(16,2,27,7839.6,8/6/2006,Shipped),
(17,2,25,3976.35,8/9/2006,Unshipped),
(18,2,17,11824.28,8/6/2006,Paid),
(19,2,11,8672.07,8/10/2006,Paid),
(20,2,11,5296.19,8/6/2006,Unshipped),
(21,2,39,5722.29,8/10/2006,Paid),
(22,2,7,4123.33,8/7/2006,Paid),
(23,2,12,1255.25,8/8/2006,Unshipped),
(24,2,17,8485.99,8/6/2006,Shipped),
(25,3,36,7469.19,8/11/2006,Unshipped),
(26,3,17,5187.18,8/6/2006,Unshipped),
(27,3,24,10437.77,8/11/2006,Shipped),
(28,3,10,7345.63,8/8/2006,Unshipped),
(29,3,32,11360.0,8/11/2006,Shipped),
(30,3,24,9296.61,8/7/2006,Unshipped),
(31,3,8,355.33,8/7/2006,Unshipped),
(32,3,25,3006.46,8/9/2006,Shipped),
(33,3,1,2412.81,8/7/2006,Paid),
(34,3,6,5811.48,8/6/2006,Shipped),
(35,3,8,212.49,8/11/2006,Shipped),
(36,3,39,755.92,8/8/2006,Unshipped),
(37,4,13,642.34,8/7/2006,Shipped),
(38,4,39,3031.01,8/6/2006,Paid),
(39,4,20,6710.18,8/8/2006,Paid),
(40,4,16,3051.25,8/8/2006,Shipped),
(41,4,1,2897.08,8/11/2006,Shipped),
(42,4,22,6099.26,8/9/2006,Shipped),
(43,4,3,10487.93,8/11/2006,Unshipped),
(44,4,25,6401.07,8/7/2006,Unshipped),
(45,4,17,6546.12,8/6/2006,Shipped),
(46,4,37,1434.53,8/11/2006,Unshipped),
(47,4,22,10327.32,8/11/2006,Paid),
(48,4,20,3433.69,8/8/2006,Shipped),
(49,5,31,8877.71,8/9/2006,Unshipped),
(50,5,2,8303.66,8/11/2006,Unshipped),
(51,5,25,4961.47,8/9/2006,Shipped),
(52,5,31,6945.68,8/6/2006,Shipped),
(53,5,21,974.59,8/9/2006,Shipped),
(54,5,28,4260.33,8/11/2006,Shipped),
(55,5,30,5951.74,8/10/2006,Unshipped),
(56,5,21,5453.99,8/10/2006,Shipped),
(57,5,37,5316.75,8/9/2006,Unshipped),
(58,5,30,10448.22,8/8/2006,Unshipped),
(59,5,10,4522.77,8/9/2006,Paid),
(60,5,25,5746.5,8/8/2006,Paid),
(61,13,34,3356.06,8/10/2006,Paid),
(62,33,19,195.42,8/6/2006,Unshipped),
(63,30,26,4894.51,8/10/2006,Shipped),
(64,7,6,9662.44,8/10/2006,Paid),
(65,8,29,9750.12,8/9/2006,Unshipped),
(66,27,1,1080.22,8/10/2006,Unshipped),
(67,1,26,335.68,8/7/2006,Unshipped),
(68,11,27,8442.28,8/11/2006,Unshipped),
(69,1,10,6541.64,8/8/2006,Paid),
(70,35,23,7548.84,8/8/2006,Unshipped),
(71,34,17,6574.59,8/6/2006,Paid),
(72,15,13,723.73,8/6/2006,Unshipped),
(73,5,40,11847.13,8/10/2006,Shipped),
(74,34,17,6768.05,8/10/2006,Shipped),
(75,28,33,5818.92,8/10/2006,Shipped),
(76,11,12,7723.09,8/11/2006,Shipped),
(77,26,19,1526.23,8/6/2006,Shipped),
(78,5,25,782.53,8/11/2006,Paid),
(79,35,13,4680.62,8/10/2006,Unshipped),
(80,10,38,205.21,8/6/2006,Unshipped),
(81,34,19,7815.56,8/10/2006,Shipped),
(82,18,11,7286.64,8/8/2006,Shipped),
(83,2,18,11120.55,8/10/2006,Shipped),
(84,3,19,2967.73,8/11/2006,Unshipped),
(85,6,34,4228.23,8/6/2006,Paid),
(86,30,2,653.06,8/11/2006,Shipped),
(87,34,36,7026.29,8/7/2006,Paid),
(88,32,8,4955.55,8/6/2006,Unshipped),
(89,14,24,5259.04,8/11/2006,Shipped),
(90,8,2,1289.06,8/8/2006,Paid),
(91,30,3,3240.12,8/8/2006,Paid),
(92,11,31,11893.74,8/11/2006,Paid),
(93,33,13,1878.06,8/10/2006,Shipped),
(94,19,8,2812.39,8/7/2006,Unshipped),
(95,21,19,336.82,8/7/2006,Shipped),
(96,1,28,11518.42,8/6/2006,Paid),
(97,14,26,195.29,8/11/2006,Shipped),
(98,7,9,6997.36,8/7/2006,Paid),
(99,29,9,7685.13,8/9/2006,Unshipped),
(100,22,13,9809.97,8/10/2006,Paid);


INSERT INTO invoice_lines (
    part_id,
    invoice_id,
    quantity,
    line_total,
)
VALUES
(59,21,7.73,949.0),
(37,42,8.65,801.0),
(16,39,7.93,2593.0),
(45,43,1.49,1184.0),
(4,40,5.41,2280.0),
(40,5,8.97,2326.0),
(29,26,9.79,2812.0),
(76,17,7.9,282.0),
(24,36,2.03,208.0),
(92,24,4.98,1516.0),
(64,11,4.4,2613.0),
(55,15,5.74,252.0),
(52,2,7.29,272.0),
(80,21,7.45,1252.0),
(63,4,9.46,2100.0),
(14,24,9.45,2090.0),
(82,41,2.11,1228.0),
(35,41,5.51,452.0),
(74,36,4.86,1797.0),
(32,30,1.61,2637.0),
(32,40,1.44,407.0),
(13,10,4.15,2371.0),
(88,40,5.17,2385.0),
(40,43,5.62,1436.0),
(1,21,6.76,1774.0),
(35,4,6.17,2478.0),
(64,42,8.67,1959.0),
(99,41,8.69,1994.0),
(25,6,3.41,96.0),
(92,1,8.45,1608.0),
(4,39,6.15,78.0),
(71,23,9.63,669.0),
(86,19,3.11,327.0),
(46,45,9.95,1727.0),
(90,32,2.57,1905.0),
(7,21,1.62,1603.0),
(1,5,9.37,2180.0),
(17,14,6.09,1833.0),
(55,11,1.5,1547.0),
(99,4,7.81,1155.0),
(83,12,4.76,1646.0),
(92,3,9.97,1554.0),
(99,11,3.65,2673.0),
(86,44,7.83,2869.0),
(32,8,9.24,1251.0),
(94,34,2.64,2526.0),
(63,14,9.41,339.0),
(21,5,2.5,2409.0),
(13,41,1.35,792.0),
(3,25,9.4,1561.0),
(91,44,8.06,878.0),
(93,26,6.1,1200.0),
(99,31,7.32,2703.0),
(18,34,4.3,1543.0),
(67,28,1.4,1076.0),
(49,34,8.07,1022.0),
(18,16,4.83,1619.0),
(94,42,3.77,575.0),
(33,11,3.63,1932.0),
(70,20,5.53,2871.0),
(89,14,8.95,246.0),
(13,31,4.71,1064.0),
(55,42,9.28,1994.0),
(37,13,6.3,979.0),
(77,15,9.53,1136.0),
(4,25,6.49,2219.0),
(70,37,3.61,570.0),
(34,12,8.57,1873.0),
(62,39,9.18,2613.0),
(47,18,1.75,2518.0),
(99,29,4.23,500.0),
(57,36,8.56,2127.0),
(19,7,9.68,2912.0),
(60,10,4.88,914.0),
(77,33,9.0,1696.0),
(78,31,5.13,330.0),
(84,37,5.86,1974.0),
(94,4,5.07,825.0),
(64,20,4.56,1551.0),
(36,31,5.01,1249.0),
(1,4,3.17,352.0),
(100,10,1.91,2696.0),
(49,13,7.98,140.0),
(38,26,7.2,1228.0),
(71,39,6.83,555.0),
(71,40,4.98,1329.0),
(90,37,4.32,1908.0),
(15,26,9.49,1173.0),
(53,10,5.86,1976.0),
(60,35,6.49,1964.0),
(52,11,1.8,1081.0),
(5,43,1.1,2338.0),
(24,35,3.63,278.0),
(4,21,6.66,1607.0),
(29,19,7.37,1532.0),
(3,17,2.31,1314.0),
(90,35,1.95,728.0),
(11,3,4.28,1415.0),
(50,2,4.53,347.0),
(1,39,5.83,530.0),
(88,36,2.15,1867.0),
(14,23,8.81,1473.0),
(49,7,6.48,1036.0),
(22,29,5.07,1888.0),
(37,29,3.4,336.0),
(63,45,6.93,421.0),
(84,32,9.06,1631.0),
(51,27,9.5,832.0),
(29,13,6.08,1576.0),
(47,18,7.44,2121.0),
(40,8,2.21,1031.0),
(56,9,7.45,2940.0),
(30,3,4.78,2853.0),
(47,13,6.04,2770.0),
(83,38,6.38,2687.0),
(4,40,1.34,2127.0),
(70,45,9.53,2645.0),
(81,10,1.38,1390.0),
(32,35,6.07,2201.0),
(56,35,4.19,2539.0),
(73,41,4.22,2510.0),
(52,1,9.74,1072.0),
(24,3,5.44,1804.0),
(51,24,2.82,1136.0),
(40,19,2.26,2727.0),
(50,4,4.4,1812.0),
(52,28,1.22,271.0),
(66,7,6.03,1888.0),
(50,18,3.79,1504.0),
(81,25,6.64,1450.0),
(36,34,4.1,2389.0),
(38,38,6.83,2051.0),
(15,44,8.14,63.0),
(84,17,4.88,2021.0),
(54,16,9.94,1693.0),
(83,39,1.39,2037.0),
(45,24,8.38,2170.0),
(39,15,8.63,2109.0),
(61,25,3.57,2688.0),
(89,6,4.19,2877.0),
(63,9,5.55,2411.0),
(69,40,7.07,979.0),
(58,19,8.65,2962.0),
(12,41,6.33,299.0),
(81,34,1.89,1559.0),
(19,37,8.72,143.0),
(29,37,5.73,1021.0),
(29,42,7.45,2371.0),
(75,22,2.95,832.0),
(83,23,5.61,1890.0),
(83,37,3.99,517.0),
(65,36,4.07,2531.0),
(46,1,8.36,2161.0),
(30,36,9.35,524.0),
(98,42,3.3,1813.0),
(89,38,7.32,178.0),
(19,19,7.51,799.0),
(57,7,6.36,599.0),
(68,44,7.93,2533.0),
(57,39,1.58,766.0),
(16,39,7.22,215.0),
(27,21,5.11,1744.0),
(35,22,1.53,1174.0),
(84,20,8.98,2998.0),
(21,35,5.58,198.0),
(40,33,7.37,1403.0),
(73,27,6.4,988.0),
(22,3,4.47,2635.0),
(8,35,3.47,2847.0),
(84,45,9.11,2232.0),
(16,27,2.42,207.0),
(22,23,6.87,446.0),
(36,5,6.24,2060.0),
(52,29,8.83,2542.0),
(45,44,5.41,1172.0),
(94,33,1.91,1596.0),
(15,39,4.35,1904.0),
(31,36,6.98,1488.0),
(29,30,7.97,2316.0),
(64,34,5.27,466.0),
(15,15,3.49,218.0),
(76,33,5.62,2039.0),
(3,7,6.99,1571.0),
(3,26,2.63,1684.0),
(48,24,6.03,2304.0),
(58,27,4.68,2126.0),
(13,6,3.0,405.0),
(31,13,8.26,63.0),
(69,10,7.05,1938.0),
(66,38,4.45,1802.0),
(34,34,5.74,249.0),
(58,24,1.02,1951.0),
(8,15,6.7,2482.0),
(53,42,3.71,161.0),
(46,43,6.86,1303.0),
(87,32,3.67,1131.0),
(66,20,4.05,2556.0),
(89,18,2.26,613.0),
(64,17,9.08,1871.0),
(47,9,1.05,1266.0),
(34,30,7.41,2774.0),
(82,31,9.37,1961.0),
(28,25,4.6,1774.0),
(11,21,7.35,2977.0),
(75,8,5.72,94.0),
(48,18,8.24,1803.0),
(30,14,2.39,2232.0),
(10,14,1.44,2727.0),
(9,38,4.81,335.0),
(74,7,5.42,2769.0),
(54,23,6.33,1113.0),
(82,15,1.39,1215.0),
(38,33,3.13,1492.0),
(33,18,7.94,446.0),
(36,4,3.76,1105.0),
(95,11,7.24,2230.0),
(56,11,8.06,2495.0),
(93,29,5.73,2986.0),
(34,20,7.05,1337.0),
(28,28,2.25,2346.0),
(9,2,9.13,2113.0),
(75,11,5.97,2288.0),
(88,34,5.66,288.0),
(45,20,2.88,1556.0),
(20,30,1.8,1619.0),
(32,43,7.09,795.0),
(20,25,7.09,253.0),
(9,29,7.65,70.0),
(80,43,6.74,194.0),
(12,41,7.16,2364.0),
(98,42,2.67,291.0),
(97,33,5.89,1368.0),
(51,31,2.92,2043.0),
(45,43,1.01,1391.0),
(88,38,8.28,2462.0),
(80,16,7.52,538.0),
(3,11,9.64,1323.0)
(13,30,9.03,842.0),
(68,26,4.79,645.0),
(86,30,2.82,596.0),
(78,43,2.69,1963.0),
(30,43,8.75,945.0),
(2,34,6.46,626.0),
(94,25,7.61,1942.0),
(58,26,9.5,1757.0),
(90,44,7.84,2994.0),
(66,37,7.38,742.0),
(1,30,9.68,1233.0),
(49,21,8.92,1263.0),
(85,20,1.11,1357.0),
(34,29,6.12,2876.0),
(55,16,7.02,2456.0),
(96,9,9.85,343.0),
(45,9,7.84,1480.0),
(75,20,6.19,136.0),
(2,31,7.2,259.0),
(76,22,7.3,1035.0),
(69,28,9.8,1395.0),
(50,39,1.25,2323.0),
(88,31,7.04,2635.0),
(95,32,5.25,2299.0),
(97,10,8.87,180.0),
(23,31,4.22,74.0),
(55,6,5.96,2708.0),
(34,8,4.43,938.0),
(33,13,3.62,2965.0),
(46,15,3.89,596.0),
(75,24,1.01,490.0),
(4,9,1.11,1905.0),
(86,6,1.6,1385.0),
(48,18,1.43,1716.0),
(19,22,5.87,2495.0),
(60,36,5.64,226.0),
(85,24,3.08,1512.0),
(17,8,3.26,1503.0),
(48,45,1.94,431.0),
(61,7,7.37,1734.0)
(59,45,8.24,1923.0),
(60,11,3.26,1737.0),
(71,43,9.8,2092.0),
(59,21,7.44,610.0),
(8,37,1.63,2898.0),
(11,8,3.18,1292.0),
(25,44,6.62,1419.0),
(87,45,9.03,2742.0),
(92,21,1.6,2364.0),
(66,1,1.45,1461.0),
(51,44,7.09,849.0),
(72,8,8.99,2011.0),
(77,1,8.39,1107.0),
(28,37,5.84,1825.0),
(5,34,5.74,246.0),
(28,32,8.34,1244.0),
(84,41,2.85,1454.0),
(87,36,2.54,316.0),
(15,30,2.41,448.0),
(96,3,5.71,2058.0),
(54,22,6.13,1741.0),
(63,35,9.26,422.0),
(72,1,5.31,749.0),
(6,2,5.0,396.41),
(26,14,4.0,459.88),
(41,28,3.0,81.62),
(42,12,4.0,412.76),
(43,30,3.0,391.39),
(44,35,1.0,329.3),
(79,30,2.0,460.15);

INSERT INTO timecards (
    timecard_id,
    employee_number,
    week_start_date,
    hours_worked
);
VALUES
(1,25,07/23/2006,40.55),
(2,23,07/23/2006,36.17),
(3,12,07/23/2006,42.01),
(4,26,07/23/2006,44.79),
(5,11,07/23/2006,39.12),
(6,34,07/23/2006,35.19),
(7,8,07/23/2006,35.75),
(8,14,07/23/2006,42.37),
(9,3,07/23/2006,43.85),
(10,5,07/23/2006,40.48),
(11,24,07/23/2006,36.92),
(12,21,07/23/2006,39.73),
(13,35,07/23/2006,40.31),
(14,7,07/23/2006,38.74),
(15,13,07/23/2006,37.55),
(16,1,07/30/2006,38.58),
(17,2,07/30/2006,42.81),
(18,3,07/30/2006,38.86),
(19,4,07/30/2006,40.86),
(20,5,07/30/2006,36.69),
(21,6,07/30/2006,37.99),
(22,7,07/30/2006,42.37),
(23,8,07/30/2006,36.79),
(24,9,07/30/2006,40.3),
(25,10,07/30/2006,39.1),
(26,11,07/30/2006,41.03),
(27,12,07/30/2006,40.48),
(28,13,07/30/2006,44.99),
(29,14,07/30/2006,40.26),
(30,15,07/30/2006,44.9),
(31,16,07/30/2006,40.19),
(32,17,07/30/2006,40.47),
(33,18,07/30/2006,38.13),
(34,19,07/30/2006,35.89),
(35,20,07/30/2006,36.23),
(36,21,07/30/2006,40.19),
(37,22,07/30/2006,39.48),
(38,23,07/30/2006,44.48),
(39,24,07/30/2006,38.3),
(40,25,07/30/2006,40.06),
(41,26,07/30/2006,44.88),
(42,27,07/30/2006,43.57),
(43,28,07/30/2006,36.28),
(44,29,07/30/2006,37.86),
(45,30,07/30/2006,38.77),
(46,31,07/30/2006,42.85),
(47,32,07/30/2006,36.03),
(48,33,07/30/2006,44.12),
(49,34,07/30/2006,44.16),
(50,35,07/30/2006,42.41),
(51,16,08/06/2006,35.81),
(52,25,08/06/2006,38.89),
(53,19,08/06/2006,43.82),
(54,27,08/06/2006,43.99),
(55,34,08/06/2006,41.08),
(56,3,08/06/2006,40.28),
(57,5,08/06/2006,37.62),
(58,28,08/06/2006,42.54),
(59,23,08/06/2006,37.18),
(60,14,08/06/2006,44.99),
(61,29,08/06/2006,40.45),
(62,21,08/06/2006,44.04),
(63,2,08/06/2006,41.33),
(64,11,08/06/2006,42.07),
(65,33,08/06/2006,36.05),
(66,24,08/06/2006,40.49),
(67,1,08/06/2006,38.5),
(68,7,08/06/2006,43.39),
(69,9,08/06/2006,44.23),
(70,4,08/06/2006,37.39);

INSERT INTO employee_payments (
    payment_id,
    employee_number,
    timecard_id,
    invoice_period_end,
    check_number,
    amount_paid,
    date_paid,
    payment_type
)
VALUES
(1,25,1,07/29/2006,13529,21417.54,08/04/2006,Bank Transfer),
(2,23,2,07/29/2006,14703,18712.89,08/04/2006,Check),
(3,12,3,07/29/2006,11110,18700.09,08/02/2006,Bank Transfer),
(4,26,4,07/29/2006,13868,21871.25,08/04/2006,Check),
(5,11,5,07/29/2006,13094,17008.68,08/04/2006,Check),
(6,34,6,07/29/2006,17381,13720.29,08/03/2006,Check),
(7,8,7,07/29/2006,11342,18875.79,08/05/2006,Check),
(8,14,8,07/29/2006,13044,18841.91,08/03/2006,Bank Transfer),
(9,3,9,07/29/2006,19652,18871.35,08/03/2006,Check),
(10,5,10,07/29/2006,14408,17341.05,08/03/2006,Bank Transfer),
(11,24,11,07/29/2006,17477,19410.02,08/03/2006,Check),
(12,21,12,07/29/2006,19471,15056.63,08/03/2006,Check),
(13,35,13,07/29/2006,11746,17416.92,08/04/2006,Bank Transfer),
(14,7,14,07/29/2006,10947,18393.0,08/02/2006,Check),
(15,13,15,07/29/2006,14949,15134.13,08/05/2006,Check),
(16,1,16,08/05/2006,15880,18757.92,08/12/2006,Bank Transfer),
(17,2,17,08/05/2006,10132,21190.1,08/12/2006,Check),
(18,3,18,08/05/2006,19622,19855.06,08/12/2006,Check),
(19,4,19,08/05/2006,17747,20974.72,08/09/2006,Bank Transfer),
(20,5,20,08/05/2006,12162,18866.44,08/09/2006,Check),
(21,6,21,08/05/2006,19293,19883.67,08/10/2006,Check),
(22,7,22,08/05/2006,11425,18810.07,08/12/2006,Check),
(23,8,23,08/05/2006,12489,13435.18,08/12/2006,Bank Transfer),
(24,9,24,08/05/2006,10922,20557.22,08/10/2006,Check),
(25,10,25,08/05/2006,15021,17195.88,08/12/2006,Check),
(26,11,26,08/05/2006,16165,15686.65,08/11/2006,Bank Transfer),
(27,12,27,08/05/2006,18161,19277.2,08/10/2006,Bank Transfer),
(28,13,28,08/05/2006,18018,16978.18,08/12/2006,Check),
(29,14,29,08/05/2006,11666,15327.89,08/11/2006,Check),
(30,15,30,08/05/2006,11489,21399.69,08/09/2006,Check),
(31,16,31,08/05/2006,16048,15661.1,08/09/2006,Check),
(32,17,32,08/05/2006,19563,15777.02,08/09/2006,Check),
(33,18,33,08/05/2006,14616,20706.94,08/11/2006,Check),
(34,19,34,08/05/2006,16319,15122.54,08/12/2006,Check),
(35,20,35,08/05/2006,19625,13454.43,08/12/2006,Check),
(36,21,36,08/05/2006,18339,18609.32,08/12/2006,Bank Transfer),
(37,22,37,08/05/2006,13226,20381.47,08/11/2006,Check),
(38,23,38,08/05/2006,15023,20569.75,08/12/2006,Check),
(39,24,39,08/05/2006,11107,18459.19,08/12/2006,Check),
(40,25,40,08/05/2006,11449,18728.76,08/10/2006,Check),
(41,26,41,08/05/2006,12323,19565.27,08/10/2006,Check),
(42,27,42,08/05/2006,15485,19600.18,08/12/2006,Bank Transfer),
(43,28,43,08/05/2006,13938,17088.49,08/10/2006,Check),
(44,29,44,08/05/2006,12509,16096.04,08/09/2006,Check),
(45,30,45,08/05/2006,15681,15029.4,08/11/2006,Bank Transfer),
(46,31,46,08/05/2006,10399,21150.14,08/12/2006,Check),
(47,32,47,08/05/2006,18738,16323.54,08/12/2006,Check),
(48,33,48,08/05/2006,12666,16315.33,08/11/2006,Check),
(49,34,49,08/05/2006,14486,19055.29,08/10/2006,Check),
(50,35,50,08/05/2006,13157,16187.14,08/11/2006,Check),
(51,16,51,08/12/2006,11821,15263.58,08/17/2006,Bank Transfer),
(52,25,52,08/12/2006,11566,15680.56,08/18/2006,Check),
(53,19,53,08/12/2006,12973,17845.91,08/18/2006,Bank Transfer),
(54,27,54,08/12/2006,13059,24050.91,08/17/2006,Check),
(55,34,55,08/12/2006,15764,14712.67,08/17/2006,Check),
(56,3,56,08/12/2006,15385,14581.12,08/17/2006,Bank Transfer),
(57,5,57,08/12/2006,17453,15393.8,08/17/2006,Check),
(58,28,58,08/12/2006,15655,17309.82,08/16/2006,Check),
(59,23,59,08/12/2006,15607,20099.39,08/17/2006,Check),
(60,14,60,08/12/2006,18304,17860.39,08/18/2006,Bank Transfer),
(61,29,61,08/12/2006,13131,20987.27,08/17/2006,Bank Transfer),
(62,21,62,08/12/2006,11957,18063.55,08/19/2006,Check),
(63,2,63,08/12/2006,17779,21880.48,08/16/2006,Bank Transfer),
(64,11,64,08/12/2006,15660,19603.11,08/17/2006,Check),
(65,33,65,08/12/2006,19706,17559.09,08/16/2006,Check),
(66,24,66,08/12/2006,13614,14585.19,08/17/2006,Check),
(67,1,67,08/12/2006,19184,16060.88,08/16/2006,Check),
(68,7,68,08/12/2006,12871,23496.52,08/16/2006,Bank Transfer),
(69,9,69,08/12/2006,18611,18832.11,08/16/2006,Check),
(70,4,70,08/12/2006,14924,20113.42,08/17/2006,Bank Transfer);

INSERT INTO customer_payments (
    payment_id,
    customer_id,
    invoice_id,
    payment_date,
    amount_paid,
    payment_method
)
VALUES
(1,19,84,2006-08-15,1257.88,Check),
(2,28,54,2006-08-22,1794.36,Credit Card),
(3,17,71,2006-08-13,2902.02,Credit Card),
(4,37,46,2006-08-23,673.02,Bank Transfer),
(5,17,45,2006-08-13,3517.09,Credit Card),
(6,16,40,2006-08-09,1564.43,Bank Transfer),
(7,12,23,2006-08-21,448.43,Cash),
(8,19,81,2006-08-14,4695.92,Credit Card),
(9,9,11,2006-08-16,1726.36,Cash),
(10,31,1,2006-08-10,3467.55,Cash),
(11,11,19,2006-08-13,4650.65,Bank Transfer),
(12,8,31,2006-08-20,133.83,Check),
(13,17,74,2006-08-19,2309.99,Check),
(14,6,34,2006-08-12,2954.57,Cash),
(15,3,91,2006-08-18,1522.28,Bank Transfer),
(16,16,5,2006-08-16,3221.49,Check),
(17,19,77,2006-08-19,1526.23,Check),
(18,25,78,2006-08-14,782.53,Credit Card),
(19,31,13,2006-08-15,3925.6,Cash),
(20,25,32,2006-08-15,3006.46,Bank Transfer),
(21,21,56,2006-08-19,5453.99,Check),
(22,24,89,2006-08-18,5259.04,Bank Transfer),
(23,24,27,2006-08-13,10437.77,Credit Card),
(24,3,43,2006-08-20,10487.93,Cash),
(25,23,70,2006-08-13,7548.84,Check),
(26,27,16,2006-08-15,7839.6,Credit Card),
(27,1,41,2006-08-24,2897.08,Bank Transfer),
(28,26,97,2006-08-14,195.29,Bank Transfer),
(29,8,10,2006-08-16,6095.34,Bank Transfer),
(30,40,73,2006-08-13,11847.13,Cash),
(31,37,12,2006-08-14,9992.48,Bank Transfer),
(32,20,48,2006-08-12,3433.69,Credit Card),
(33,2,86,2006-08-18,653.06,Check),
(34,32,29,2006-08-19,11360.0,Credit Card),
(35,8,94,2006-08-18,2812.39,Cash),
(36,27,6,2006-08-10,1225.68,Credit Card),
(37,26,67,2006-08-10,335.68,Check),
(38,1,66,2006-08-12,1080.22,Credit Card),
(39,39,36,2006-08-10,755.92,Cash),
(40,25,17,2006-08-10,3976.35,Check),
(41,2,50,2006-08-24,8303.66,Cash),
(42,8,35,2006-08-20,212.49,Bank Transfer),
(43,27,8,2006-08-16,10312.94,Credit Card),
(44,28,96,2006-08-07,11518.42,Check),
(45,10,28,2006-08-10,7345.63,Credit Card),
(46,11,20,2006-08-10,5296.19,Check),
(47,11,82,2006-08-11,7286.64,Credit Card),
(48,17,26,2006-08-08,5187.18,Cash),
(49,26,63,2006-08-12,4894.51,Credit Card),
(50,37,14,2006-08-18,4885.84,Bank Transfer),
(51,36,25,2006-08-21,7469.19,Cash),
(52,12,4,2006-08-12,2053.37,Credit Card),
(53,17,18,2006-08-12,11824.28,Bank Transfer),
(54,20,39,2006-08-15,6710.18,Bank Transfer),
(55,35,9,2006-08-10,2461.53,Bank Transfer),
(56,13,79,2006-08-22,4680.62,Check),
(57,21,7,2006-08-18,538.48,Credit Card),
(58,29,65,2006-08-21,9750.12,Credit Card),
(59,13,37,2006-08-16,642.34,Credit Card),
(60,2,90,2006-08-20,1289.06,Credit Card),
(61,37,57,2006-08-20,5316.75,Bank Transfer),
(62,13,100,2006-08-22,9809.97,Check),
(63,30,55,2006-08-22,5951.74,Cash),
(64,25,44,2006-08-19,6401.07,Cash),
(65,25,51,2006-08-10,4961.47,Bank Transfer),
(66,27,68,2006-08-24,8442.28,Check),
(67,22,47,2006-08-21,10327.32,Check),
(68,10,69,2006-08-18,6541.64,Credit Card),
(69,19,62,2006-08-09,195.42,Cash),
(70,9,98,2006-08-18,6997.36,Check),
(71,38,80,2006-08-15,205.21,Check),
(72,22,42,2006-08-21,6099.26,Cash),
(73,10,59,2006-08-12,4522.77,Credit Card),
(74,31,49,2006-08-20,8877.71,Check),
(75,9,99,2006-08-15,7685.13,Cash),
(76,30,58,2006-08-09,10448.22,Bank Transfer),
(77,12,76,2006-08-15,7723.09,Credit Card),
(78,1,33,2006-08-11,2412.81,Bank Transfer),
(79,19,95,2006-08-08,336.82,Credit Card),
(80,25,60,2006-08-20,5746.5,Cash);

INSERT INTO purchase_orders (
    po_number,
    supplier_id,
    part_id,
    ordered_date,
    quantity_ordered
)
VALUES
(1,11,10,2006-08-15,486),
(2,15,10,2006-08-16,88),
(3,10,10,2006-08-17,304),
(4,9,10,2006-08-18,99),
(5,15,10,2006-08-19,397),
(6,2,35,2006-08-01,174),
(7,11,27,2006-08-19,225),
(8,11,31,2006-08-16,212),
(9,12,31,2006-08-03,284),
(10,7,33,2006-08-09,252),
(11,9,6,2006-08-19,251),
(12,1,10,2006-08-11,151),
(13,13,11,2006-08-03,188),
(14,9,15,2006-08-08,60),
(15,7,8,2006-08-06,165),
(16,10,34,2006-08-01,382),
(17,13,17,2006-08-17,289),
(18,1,34,2006-08-10,453),
(19,3,7,2006-08-18,177),
(20,8,39,2006-08-06,363),
(21,13,38,2006-08-03,105),
(22,2,19,2006-08-02,401),
(23,5,32,2006-08-06,364),
(24,7,13,2006-08-11,157),
(25,2,22,2006-08-05,416),
(26,15,32,2006-08-11,272),
(27,7,17,2006-08-01,394),
(28,6,33,2006-08-14,397),
(29,3,37,2006-08-06,202),
(30,14,33,2006-08-13,290),
(31,3,40,2006-08-15,411),
(32,2,8,2006-08-02,273),
(33,6,35,2006-08-01,225),
(34,3,2,2006-08-14,312),
(35,3,19,2006-08-05,337);